{"cameraMode":{"drawMode":0,"name":"Shaded","section":"Shading Mode"},"sceneLighting":true,"audioPlay":false,"sceneViewState":{"showFog":false,"showMaterialUpdate":false,"showSkybox":false,"showFlares":false,"showImageEffects":false,"showParticleSystems":true},"in2DMode":false,"pivot":{"x":-156.29104614257813,"y":-11.252328872680664,"z":212.680419921875},"rotation":{"x":-0.018465586006641389,"y":0.3211424648761749,"z":-0.006263141520321369,"w":-0.9468302130699158},"size":292.00640869140627,"orthographic":false}